Yahoo,en-US,Automotive_General,09/01/15,Week 1,118492,955,0.81%,6
Yahoo,en-US,Entertainment_General,09/01/15,Week 1,2055003,7092,0.35%,140
Yahoo,en-US,Entertainment_TV,09/01/15,Week 1,1659826,6674,0.40%,97
Yahoo,en-US,Sports_Football_General,09/01/15,Week 1,35500,149,0.42%,6
Yahoo,en-US,Technology_General,09/01/15,Week 1,536394,1651,0.31%,47
Yahoo,en-US,Travel_Hotels/ Resorts ,09/01/15,Week 1,1428032,5207,0.36%,18
Yahoo,en-US,Travel_Information ,09/01/15,Week 1,416527,1716,0.41%,5
Yahoo,en-US,Sports_Fantasy Football ,09/01/15,Week 1,257783,2504,0.97%,14
Yahoo,en-US,Health_Fitness  ,09/01/15,Week 1,518132,2226,0.43%,26
Yahoo,en-US,Automotive_General,09/02/15,Week 1,115289,848,0.74%,5
Yahoo,en-US,Entertainment_General,09/02/15,Week 1,2026258,6621,0.33%,152
Yahoo,en-US,Entertainment_TV,09/02/15,Week 1,1633603,5071,0.31%,50
Yahoo,en-US,Sports_Football_General,09/02/15,Week 1,34473,128,0.37%,0
Yahoo,en-US,Technology_General,09/02/15,Week 1,536058,1615,0.30%,26
Yahoo,en-US,Travel_Hotels/ Resorts ,09/02/15,Week 1,1413536,4975,0.35%,28
Yahoo,en-US,Travel_Information ,09/02/15,Week 1,412633,1621,0.39%,10
Yahoo,en-US,Sports_Fantasy Football ,09/02/15,Week 1,261493,2486,0.95%,6
Yahoo,en-US,Health_Fitness  ,09/02/15,Week 1,511952,2097,0.41%,33
Yahoo,en-US,Automotive_General,09/03/15,Week 1,113865,869,0.76%,4
Yahoo,en-US,Entertainment_General,09/03/15,Week 1,1986305,6025,0.30%,91
Yahoo,en-US,Entertainment_TV,09/03/15,Week 1,1613048,4894,0.30%,50
Yahoo,en-US,Sports_Football_General,09/03/15,Week 1,34979,127,0.36%,0
Yahoo,en-US,Technology_General,09/03/15,Week 1,525565,1576,0.30%,36
Yahoo,en-US,Travel_Hotels/ Resorts ,09/03/15,Week 1,1394848,4568,0.33%,18
Yahoo,en-US,Travel_Information ,09/03/15,Week 1,405280,1520,0.38%,10
Yahoo,en-US,Sports_Fantasy Football ,09/03/15,Week 1,270064,2364,0.88%,11
Yahoo,en-US,Health_Fitness  ,09/03/15,Week 1,501255,1978,0.39%,5
Yahoo,en-US,Automotive_General,09/04/15,Week 1,104572,688,0.66%,3
Yahoo,en-US,Entertainment_General,09/04/15,Week 1,1829351,5455,0.30%,84
Yahoo,en-US,Entertainment_TV,09/04/15,Week 1,1523548,4427,0.29%,48
Yahoo,en-US,Sports_Football_General,09/04/15,Week 1,32201,92,0.29%,1
Yahoo,en-US,Technology_General,09/04/15,Week 1,489482,1379,0.28%,40
Yahoo,en-US,Travel_Hotels/ Resorts ,09/04/15,Week 1,1275736,4010,0.31%,17
Yahoo,en-US,Travel_Information ,09/04/15,Week 1,374327,1416,0.38%,5
Yahoo,en-US,Sports_Fantasy Football ,09/04/15,Week 1,253901,2160,0.85%,6
Yahoo,en-US,Health_Fitness  ,09/04/15,Week 1,461893,1732,0.37%,7
Yahoo,en-US,Automotive_General,09/05/15,Week 1,68753,438,0.64%,2
Yahoo,en-US,Entertainment_General,09/05/15,Week 1,1365430,4166,0.31%,62
Yahoo,en-US,Entertainment_TV,09/05/15,Week 1,1188881,3380,0.28%,41
Yahoo,en-US,Sports_Football_General,09/05/15,Week 1,19969,87,0.44%,0
Yahoo,en-US,Technology_General,09/05/15,Week 1,331670,1006,0.30%,34
Yahoo,en-US,Travel_Hotels/ Resorts ,09/05/15,Week 1,797652,2536,0.32%,17
Yahoo,en-US,Travel_Information ,09/05/15,Week 1,252759,928,0.37%,4
Yahoo,en-US,Sports_Fantasy Football ,09/05/15,Week 1,165452,1339,0.81%,3
Yahoo,en-US,Health_Fitness  ,09/05/15,Week 1,313863,1101,0.35%,8
Yahoo,en-US,Automotive_General,09/06/15,Week 1,64292,418,0.65%,2
Yahoo,en-US,Entertainment_General,09/06/15,Week 1,1345910,3753,0.28%,67
Yahoo,en-US,Entertainment_TV,09/06/15,Week 1,1160157,3015,0.26%,39
Yahoo,en-US,Sports_Football_General,09/06/15,Week 1,19538,94,0.48%,0
Yahoo,en-US,Technology_General,09/06/15,Week 1,326333,895,0.27%,26
Yahoo,en-US,Travel_Hotels/ Resorts ,09/06/15,Week 1,790414,2298,0.29%,15
Yahoo,en-US,Travel_Information ,09/06/15,Week 1,248536,933,0.38%,4
Yahoo,en-US,Sports_Fantasy Football ,09/06/15,Week 1,171883,1707,0.99%,1
Yahoo,en-US,Health_Fitness  ,09/06/15,Week 1,310772,1090,0.35%,9
Yahoo,en-US,Automotive_General,09/07/15,Week 1,76137,475,0.62%,0
Yahoo,en-US,Entertainment_General,09/07/15,Week 1,1671163,6881,0.41%,108
Yahoo,en-US,Entertainment_TV,09/07/15,Week 1,1250042,3871,0.31%,51
Yahoo,en-US,Entertainment_Movies,09/07/15,Week 1,780025,4142,0.53%,73
Yahoo,en-US,Sports_Football_General,09/07/15,Week 1,19927,102,0.51%,0
Yahoo,en-US,Technology_General,09/07/15,Week 1,533884,1811,0.34%,37
Yahoo,en-US,Travel_Hotels/ Resorts ,09/07/15,Week 1,1226299,3795,0.31%,17
Yahoo,en-US,Travel_Information ,09/07/15,Week 1,353928,1300,0.37%,1
Yahoo,en-US,Sports_Fantasy Football ,09/07/15,Week 1,149744,1440,0.96%,5
Yahoo,en-US,Health_Fitness  ,09/07/15,Week 1,413620,1663,0.40%,24
Yahoo,en-US,Automotive_General,09/08/15,Week 2,97362,533,0.55%,4
Yahoo,en-US,Entertainment_General,09/08/15,Week 2,1782244,6682,0.37%,102
Yahoo,en-US,Entertainment_TV,09/08/15,Week 2,1293799,4988,0.39%,65
Yahoo,en-US,Entertainment_Movies,09/08/15,Week 2,1575728,7473,0.47%,104
Yahoo,en-US,Sports_Football_General,09/08/15,Week 2,26814,156,0.58%,0
Yahoo,en-US,Technology_General,09/08/15,Week 2,675193,2404,0.36%,52
Yahoo,en-US,Travel_Hotels/ Resorts ,09/08/15,Week 2,1587017,4833,0.30%,43
Yahoo,en-US,Travel_Information ,09/08/15,Week 2,453295,1822,0.40%,16
Yahoo,en-US,Sports_Fantasy Football ,09/08/15,Week 2,118340,1055,0.89%,6
Yahoo,en-US,Health_Fitness  ,09/08/15,Week 2,554393,2419,0.44%,45
Yahoo,en-US,Automotive_General,09/09/15,Week 2,92890,466,0.50%,2
Yahoo,en-US,Entertainment_General,09/09/15,Week 2,1697767,5952,0.35%,103
Yahoo,en-US,Entertainment_TV,09/09/15,Week 2,1220447,4217,0.35%,49
Yahoo,en-US,Entertainment_Movies,09/09/15,Week 2,1560790,6448,0.41%,69
Yahoo,en-US,Sports_Football_General,09/09/15,Week 2,25365,132,0.52%,0
Yahoo,en-US,Technology_General,09/09/15,Week 2,663315,2307,0.35%,47
Yahoo,en-US,Travel_Hotels/ Resorts ,09/09/15,Week 2,1511939,4234,0.28%,29
Yahoo,en-US,Travel_Information ,09/09/15,Week 2,437076,1537,0.35%,8
Yahoo,en-US,Sports_Fantasy Football ,09/09/15,Week 2,111744,1004,0.90%,3
Yahoo,en-US,Health_Fitness  ,09/09/15,Week 2,535446,2174,0.41%,24
Yahoo,en-US,Automotive_General,09/10/15,Week 2,85755,432,0.50%,2
Yahoo,en-US,Entertainment_General,09/10/15,Week 2,1573658,5229,0.33%,67
Yahoo,en-US,Entertainment_TV,09/10/15,Week 2,1119423,3929,0.35%,22
Yahoo,en-US,Entertainment_Movies,09/10/15,Week 2,1492285,5531,0.37%,49
Yahoo,en-US,Sports_Football_General,09/10/15,Week 2,24185,139,0.57%,0
Yahoo,en-US,Technology_General,09/10/15,Week 2,648879,2187,0.34%,45
Yahoo,en-US,Travel_Hotels/ Resorts ,09/10/15,Week 2,1440082,3814,0.26%,24
Yahoo,en-US,Travel_Information ,09/10/15,Week 2,415176,1425,0.34%,6
Yahoo,en-US,Sports_Fantasy Football ,09/10/15,Week 2,105777,983,0.93%,2
Yahoo,en-US,Health_Fitness  ,09/10/15,Week 2,507617,1969,0.39%,23
Yahoo,en-US,Automotive_General,09/11/15,Week 2,75025,356,0.47%,1
Yahoo,en-US,Entertainment_General,09/11/15,Week 2,1394013,4169,0.30%,75
Yahoo,en-US,Entertainment_TV,09/11/15,Week 2,977273,3126,0.32%,40
Yahoo,en-US,Entertainment_Movies,09/11/15,Week 2,1367508,5307,0.39%,51
Yahoo,en-US,Sports_Football_General,09/11/15,Week 2,22626,129,0.57%,0
Yahoo,en-US,Technology_General,09/11/15,Week 2,595200,2015,0.34%,39
Yahoo,en-US,Travel_Hotels/ Resorts ,09/11/15,Week 2,1296902,3410,0.26%,10
Yahoo,en-US,Travel_Information ,09/11/15,Week 2,373744,1354,0.36%,5
Yahoo,en-US,Sports_Fantasy Football ,09/11/15,Week 2,87361,735,0.84%,5
Yahoo,en-US,Health_Fitness  ,09/11/15,Week 2,458603,1904,0.42%,13
Yahoo,en-US,Automotive_General,09/12/15,Week 2,50080,181,0.36%,3
Yahoo,en-US,Entertainment_General,09/12/15,Week 2,1061873,3423,0.32%,62
Yahoo,en-US,Entertainment_TV,09/12/15,Week 2,774262,2383,0.31%,27
Yahoo,en-US,Entertainment_Movies,09/12/15,Week 2,1113106,3703,0.33%,52
Yahoo,en-US,Sports_Football_General,09/12/15,Week 2,12657,59,0.47%,1
Yahoo,en-US,Technology_General,09/12/15,Week 2,403120,1303,0.32%,39
Yahoo,en-US,Travel_Hotels/ Resorts ,09/12/15,Week 2,827868,2115,0.26%,18
Yahoo,en-US,Travel_Information ,09/12/15,Week 2,257396,842,0.33%,7
Yahoo,en-US,Sports_Fantasy Football ,09/12/15,Week 2,51288,331,0.65%,1
Yahoo,en-US,Health_Fitness  ,09/12/15,Week 2,317243,1145,0.36%,8
Yahoo,en-US,Automotive_General,09/13/15,Week 2,49087,193,0.39%,0
Yahoo,en-US,Entertainment_General,09/13/15,Week 2,1075014,3112,0.29%,58
Yahoo,en-US,Entertainment_TV,09/13/15,Week 2,807893,2278,0.28%,26
Yahoo,en-US,Entertainment_Movies,09/13/15,Week 2,1152387,3685,0.32%,49
Yahoo,en-US,Sports_Football_General,09/13/15,Week 2,13507,50,0.37%,0
Yahoo,en-US,Technology_General,09/13/15,Week 2,401997,1279,0.32%,51
Yahoo,en-US,Travel_Hotels/ Resorts ,09/13/15,Week 2,859288,2175,0.25%,20
Yahoo,en-US,Travel_Information ,09/13/15,Week 2,266976,789,0.30%,6
Yahoo,en-US,Sports_Fantasy Football ,09/13/15,Week 2,66888,704,1.05%,0
Yahoo,en-US,Health_Fitness  ,09/13/15,Week 2,336362,1139,0.34%,9
Yahoo,en-US,Automotive_General,09/14/15,Week 2,52178,291,0.56%,5
Yahoo,en-US,Entertainment_General,09/14/15,Week 2,1852554,23907,1.29%,76
Yahoo,en-US,Entertainment_TV,09/14/15,Week 2,885056,2844,0.32%,39
Yahoo,en-US,Entertainment_Movies,09/14/15,Week 2,1332904,4954,0.37%,72
Yahoo,en-US,Sports_Football_General,09/14/15,Week 2,26842,91,0.34%,0
Yahoo,en-US,Technology_General,09/14/15,Week 2,551021,2068,0.38%,38
Yahoo,en-US,Travel_Hotels/ Resorts ,09/14/15,Week 2,1385393,3674,0.27%,31
Yahoo,en-US,Travel_Information ,09/14/15,Week 2,446216,1497,0.34%,11
Yahoo,en-US,Sports_Fantasy Football ,09/14/15,Week 2,224700,1659,0.74%,11
Yahoo,en-US,Health_Fitness  ,09/14/15,Week 2,462835,2171,0.47%,24
Yahoo,en-US,Business/ Finance_Business ,09/14/15,Week 2,265076,1697,0.64%,2
Yahoo,en-US,Video Games_General ,09/14/15,Week 2,101276,697,0.69%,17
Yahoo,en-US,Automotive_General,09/15/15,Week 3,32148,169,0.53%,1
Yahoo,en-US,Entertainment_General,09/15/15,Week 3,1947135,7373,0.38%,99
Yahoo,en-US,Entertainment_TV,09/15/15,Week 3,707629,2188,0.31%,29
Yahoo,en-US,Entertainment_Movies,09/15/15,Week 3,1045042,4041,0.39%,60
Yahoo,en-US,Sports_Football_General,09/15/15,Week 3,25138,98,0.39%,3
Yahoo,en-US,Technology_General,09/15/15,Week 3,447177,1840,0.41%,42
Yahoo,en-US,Travel_Hotels/ Resorts ,09/15/15,Week 3,1164795,3200,0.27%,26
Yahoo,en-US,Travel_Information ,09/15/15,Week 3,373973,1165,0.31%,15
Yahoo,en-US,Sports_Fantasy Football ,09/15/15,Week 3,286295,2044,0.71%,13
Yahoo,en-US,Health_Fitness  ,09/15/15,Week 3,388941,2063,0.53%,13
Yahoo,en-US,Business/ Finance_Business ,09/15/15,Week 3,328327,1721,0.52%,25
Yahoo,en-US,Video Games_General ,09/15/15,Week 3,172729,899,0.52%,19
Yahoo,en-US,Automotive_General,09/16/15,Week 3,32043,195,0.61%,3
Yahoo,en-US,Entertainment_General,09/16/15,Week 3,2110902,6182,0.29%,90
Yahoo,en-US,Entertainment_TV,09/16/15,Week 3,715583,2062,0.29%,33
Yahoo,en-US,Entertainment_Movies,09/16/15,Week 3,1058254,3761,0.36%,83
Yahoo,en-US,Sports_Football_General,09/16/15,Week 3,27926,98,0.35%,0
Yahoo,en-US,Technology_General,09/16/15,Week 3,454747,1710,0.38%,28
Yahoo,en-US,Travel_Hotels/ Resorts ,09/16/15,Week 3,1200833,3262,0.27%,29
Yahoo,en-US,Travel_Information ,09/16/15,Week 3,381306,1163,0.31%,9
Yahoo,en-US,Sports_Fantasy Football ,09/16/15,Week 3,283835,1606,0.57%,8
Yahoo,en-US,Health_Fitness  ,09/16/15,Week 3,402631,2000,0.50%,13
Yahoo,en-US,Business/ Finance_Business ,09/16/15,Week 3,347344,1679,0.48%,28
Yahoo,en-US,Video Games_General ,09/16/15,Week 3,195274,917,0.47%,26
Yahoo,en-US,Automotive_General,09/17/15,Week 3,28039,175,0.62%,0
Yahoo,en-US,Entertainment_General,09/17/15,Week 3,1784371,5248,0.29%,76
Yahoo,en-US,Entertainment_TV,09/17/15,Week 3,638808,1831,0.29%,20
Yahoo,en-US,Entertainment_Movies,09/17/15,Week 3,908401,3192,0.35%,51
Yahoo,en-US,Sports_Football_General,09/17/15,Week 3,24332,68,0.28%,0
Yahoo,en-US,Technology_General,09/17/15,Week 3,401156,1563,0.39%,25
Yahoo,en-US,Travel_Hotels/ Resorts ,09/17/15,Week 3,1014957,2579,0.25%,13
Yahoo,en-US,Travel_Information ,09/17/15,Week 3,332322,941,0.28%,5
Yahoo,en-US,Sports_Fantasy Football ,09/17/15,Week 3,251297,1439,0.57%,10
Yahoo,en-US,Health_Fitness  ,09/17/15,Week 3,353700,1723,0.49%,11
Yahoo,en-US,Business/ Finance_Business ,09/17/15,Week 3,296512,1347,0.45%,7
Yahoo,en-US,Video Games_General ,09/17/15,Week 3,171775,811,0.47%,15
Yahoo,en-US,Automotive_General,09/18/15,Week 3,26215,115,0.44%,0
Yahoo,en-US,Entertainment_General,09/18/15,Week 3,1634066,4906,0.30%,58
Yahoo,en-US,Entertainment_TV,09/18/15,Week 3,591468,1613,0.27%,25
Yahoo,en-US,Entertainment_Movies,09/18/15,Week 3,838863,2835,0.34%,47
Yahoo,en-US,Sports_Football_General,09/18/15,Week 3,22180,53,0.24%,1
Yahoo,en-US,Technology_General,09/18/15,Week 3,376344,1413,0.38%,25
Yahoo,en-US,Travel_Hotels/ Resorts ,09/18/15,Week 3,916164,2191,0.24%,16
Yahoo,en-US,Travel_Information ,09/18/15,Week 3,301011,806,0.27%,8
Yahoo,en-US,Sports_Fantasy Football ,09/18/15,Week 3,225431,1128,0.50%,4
Yahoo,en-US,Health_Fitness  ,09/18/15,Week 3,322597,1509,0.47%,10
Yahoo,en-US,Business/ Finance_Business ,09/18/15,Week 3,273208,1189,0.44%,11
Yahoo,en-US,Video Games_General ,09/18/15,Week 3,163205,678,0.42%,9
Yahoo,en-US,Automotive_General,09/19/15,Week 3,16436,66,0.40%,1
Yahoo,en-US,Entertainment_General,09/19/15,Week 3,1203072,3191,0.27%,73
Yahoo,en-US,Entertainment_TV,09/19/15,Week 3,452625,1103,0.24%,19
Yahoo,en-US,Entertainment_Movies,09/19/15,Week 3,652411,2026,0.31%,33
Yahoo,en-US,Sports_Football_General,09/19/15,Week 3,11774,31,0.26%,2
Yahoo,en-US,Technology_General,09/19/15,Week 3,241886,926,0.38%,17
Yahoo,en-US,Travel_Hotels/ Resorts ,09/19/15,Week 3,547433,1308,0.24%,10
Yahoo,en-US,Travel_Information ,09/19/15,Week 3,193883,554,0.29%,13
Yahoo,en-US,Sports_Fantasy Football ,09/19/15,Week 3,127234,574,0.45%,4
Yahoo,en-US,Health_Fitness  ,09/19/15,Week 3,212356,987,0.46%,8
Yahoo,en-US,Business/ Finance_Business ,09/19/15,Week 3,150442,557,0.37%,13
Yahoo,en-US,Video Games_General ,09/19/15,Week 3,143408,605,0.42%,9
Yahoo,en-US,Automotive_General,09/20/15,Week 3,16320,76,0.47%,0
Yahoo,en-US,Entertainment_General,09/20/15,Week 3,1254216,3216,0.26%,82
Yahoo,en-US,Entertainment_TV,09/20/15,Week 3,487647,1146,0.24%,30
Yahoo,en-US,Entertainment_Movies,09/20/15,Week 3,701874,2066,0.29%,45
Yahoo,en-US,Sports_Football_General,09/20/15,Week 3,13198,563,4.27%,0
Yahoo,en-US,Technology_General,09/20/15,Week 3,244617,935,0.38%,7
Yahoo,en-US,Travel_Hotels/ Resorts ,09/20/15,Week 3,580158,1377,0.24%,15
Yahoo,en-US,Travel_Information ,09/20/15,Week 3,204979,502,0.24%,3
Yahoo,en-US,Sports_Fantasy Football ,09/20/15,Week 3,163408,1054,0.65%,1
Yahoo,en-US,Health_Fitness  ,09/20/15,Week 3,231000,998,0.43%,13
Yahoo,en-US,Business/ Finance_Business ,09/20/15,Week 3,154549,596,0.39%,4
Yahoo,en-US,Video Games_General ,09/20/15,Week 3,147663,537,0.36%,9
Yahoo,en-US,Automotive_General,09/21/15,Week 3,40510,308,0.76%,4
Yahoo,en-US,Entertainment_General,09/21/15,Week 3,1596757,3606,0.23%,79
Yahoo,en-US,Entertainment_TV,09/21/15,Week 3,698261,2065,0.30%,29
Yahoo,en-US,Entertainment_Movies,09/21/15,Week 3,480520,1356,0.28%,16
Yahoo,en-US,Sports_Football_General,09/21/15,Week 3,20307,72,0.35%,0
Yahoo,en-US,Technology_General,09/21/15,Week 3,397924,1403,0.35%,29
Yahoo,en-US,Travel_Hotels/ Resorts ,09/21/15,Week 3,1099027,2814,0.26%,25
Yahoo,en-US,Travel_Information ,09/21/15,Week 3,289894,970,0.33%,8
Yahoo,en-US,Sports_Fantasy Football ,09/21/15,Week 3,228033,1356,0.59%,4
Yahoo,en-US,Health_Fitness  ,09/21/15,Week 3,319563,1329,0.42%,7
Yahoo,en-US,Business/ Finance_Business ,09/21/15,Week 3,129891,504,0.39%,3
Yahoo,en-US,Video Games_General ,09/21/15,Week 3,88786,331,0.37%,7
Yahoo,en-US,Automotive_General,09/22/15,Week 4,46330,439,0.95%,6
Yahoo,en-US,Entertainment_General,09/22/15,Week 4,1296279,2618,0.20%,71
Yahoo,en-US,Entertainment_TV,09/22/15,Week 4,714743,2298,0.32%,27
Yahoo,en-US,Entertainment_Movies,09/22/15,Week 4,54673,155,0.28%,3
Yahoo,en-US,Sports_Football_General,09/22/15,Week 4,17637,63,0.36%,0
Yahoo,en-US,Technology_General,09/22/15,Week 4,369135,1308,0.35%,24
Yahoo,en-US,Travel_Hotels/ Resorts ,09/22/15,Week 4,1052076,2800,0.27%,19
Yahoo,en-US,Travel_Information ,09/22/15,Week 4,245687,982,0.40%,6
Yahoo,en-US,Sports_Fantasy Football ,09/22/15,Week 4,211671,1400,0.66%,10
Yahoo,en-US,Health_Fitness  ,09/22/15,Week 4,273551,1123,0.41%,10
Yahoo,en-US,Business/ Finance_Business ,09/22/15,Week 4,14494,67,0.46%,0
Yahoo,en-US,Video Games_General ,09/22/15,Week 4,8602,47,0.55%,0
Yahoo,en-US,Automotive_General,09/23/15,Week 4,44468,356,0.80%,2
Yahoo,en-US,Entertainment_General,09/23/15,Week 4,1223708,2329,0.19%,60
Yahoo,en-US,Entertainment_TV,09/23/15,Week 4,683875,2137,0.31%,25
Yahoo,en-US,Entertainment_Movies,09/23/15,Week 4,12538,42,0.33%,0
Yahoo,en-US,Sports_Football_General,09/23/15,Week 4,17790,60,0.34%,1
Yahoo,en-US,Technology_General,09/23/15,Week 4,382134,1305,0.34%,26
Yahoo,en-US,Travel_Hotels/ Resorts ,09/23/15,Week 4,982247,2556,0.26%,17
Yahoo,en-US,Travel_Information ,09/23/15,Week 4,235646,931,0.40%,5
Yahoo,en-US,Sports_Fantasy Football ,09/23/15,Week 4,196289,1161,0.59%,6
Yahoo,en-US,Health_Fitness  ,09/23/15,Week 4,254081,937,0.37%,6
Yahoo,en-US,Business/ Finance_Business ,09/23/15,Week 4,2507,9,0.36%,0
Yahoo,en-US,Video Games_General ,09/23/15,Week 4,1490,8,0.54%,0
Yahoo,en-US,Automotive_General,09/24/15,Week 4,44934,373,0.83%,2
Yahoo,en-US,Entertainment_General,09/24/15,Week 4,1174712,2063,0.18%,64
Yahoo,en-US,Entertainment_TV,09/24/15,Week 4,700784,2139,0.31%,18
Yahoo,en-US,Entertainment_Movies,09/24/15,Week 4,7687,29,0.38%,0
Yahoo,en-US,Sports_Football_General,09/24/15,Week 4,18252,58,0.32%,1
Yahoo,en-US,Technology_General,09/24/15,Week 4,377032,1317,0.35%,21
Yahoo,en-US,Travel_Hotels/ Resorts ,09/24/15,Week 4,946300,2444,0.26%,12
Yahoo,en-US,Travel_Information ,09/24/15,Week 4,233365,902,0.39%,4
Yahoo,en-US,Sports_Fantasy Football ,09/24/15,Week 4,201084,1187,0.59%,4
Yahoo,en-US,Health_Fitness  ,09/24/15,Week 4,257679,1050,0.41%,0
Yahoo,en-US,Business/ Finance_Business ,09/24/15,Week 4,1202,7,0.58%,0
Yahoo,en-US,Video Games_General ,09/24/15,Week 4,953,4,0.42%,0
Yahoo,en-US,Automotive_General,09/25/15,Week 4,42685,328,0.77%,1
Yahoo,en-US,Entertainment_General,09/25/15,Week 4,1157303,1960,0.17%,58
Yahoo,en-US,Entertainment_TV,09/25/15,Week 4,679426,2001,0.29%,35
Yahoo,en-US,Entertainment_Movies,09/25/15,Week 4,5622,26,0.46%,0
Yahoo,en-US,Sports_Football_General,09/25/15,Week 4,17045,37,0.22%,0
Yahoo,en-US,Technology_General,09/25/15,Week 4,369347,1184,0.32%,25
Yahoo,en-US,Travel_Hotels/ Resorts ,09/25/15,Week 4,931065,2196,0.24%,11
Yahoo,en-US,Travel_Information ,09/25/15,Week 4,226064,807,0.36%,5
Yahoo,en-US,Sports_Fantasy Football ,09/25/15,Week 4,184748,940,0.51%,11
Yahoo,en-US,Health_Fitness  ,09/25/15,Week 4,246173,826,0.34%,5
Yahoo,en-US,Business/ Finance_Business ,09/25/15,Week 4,844,5,0.59%,0
Yahoo,en-US,Video Games_General ,09/25/15,Week 4,640,3,0.47%,0
Yahoo,en-US,Automotive_General,09/26/15,Week 4,27087,208,0.77%,1
Yahoo,en-US,Entertainment_General,09/26/15,Week 4,889006,1609,0.18%,48
Yahoo,en-US,Entertainment_TV,09/26/15,Week 4,530084,1470,0.28%,23
Yahoo,en-US,Entertainment_Movies,09/26/15,Week 4,4381,16,0.37%,0
Yahoo,en-US,Sports_Football_General,09/26/15,Week 4,9893,29,0.29%,0
Yahoo,en-US,Technology_General,09/26/15,Week 4,260157,836,0.32%,14
Yahoo,en-US,Travel_Hotels/ Resorts ,09/26/15,Week 4,581605,1413,0.24%,11
Yahoo,en-US,Travel_Information ,09/26/15,Week 4,151621,545,0.36%,3
Yahoo,en-US,Sports_Fantasy Football ,09/26/15,Week 4,107185,490,0.46%,6
Yahoo,en-US,Health_Fitness  ,09/26/15,Week 4,169503,538,0.32%,6
Yahoo,en-US,Business/ Finance_Business ,09/26/15,Week 4,556,1,0.18%,0
Yahoo,en-US,Video Games_General ,09/26/15,Week 4,530,2,0.38%,0
Yahoo,en-US,Automotive_General,09/27/15,Week 4,28017,211,0.75%,1
Yahoo,en-US,Entertainment_General,09/27/15,Week 4,923878,1606,0.17%,55
Yahoo,en-US,Entertainment_TV,09/27/15,Week 4,570743,1629,0.29%,17
Yahoo,en-US,Entertainment_Movies,09/27/15,Week 4,3744,18,0.48%,0
Yahoo,en-US,Sports_Football_General,09/27/15,Week 4,11446,35,0.31%,1
Yahoo,en-US,Technology_General,09/27/15,Week 4,260198,798,0.31%,24
Yahoo,en-US,Travel_Hotels/ Resorts ,09/27/15,Week 4,613346,1516,0.25%,12
Yahoo,en-US,Travel_Information ,09/27/15,Week 4,160107,562,0.35%,4
Yahoo,en-US,Sports_Fantasy Football ,09/27/15,Week 4,137582,965,0.70%,4
Yahoo,en-US,Health_Fitness  ,09/27/15,Week 4,183319,607,0.33%,2
Yahoo,en-US,Business/ Finance_Business ,09/27/15,Week 4,475,1,0.21%,0
Yahoo,en-US,Video Games_General ,09/27/15,Week 4,455,1,0.22%,0
Yahoo,en-US,Automotive_General,09/28/15,Week 4,62117,473,0.76%,2
Yahoo,en-US,Entertainment_General,09/28/15,Week 4,1437382,3550,0.25%,50
Yahoo,en-US,Entertainment_TV,09/28/15,Week 4,611228,2530,0.41%,17
Yahoo,en-US,Entertainment_Movies,09/28/15,Week 4,550339,1793,0.33%,20
Yahoo,en-US,Sports_Football_General,09/28/15,Week 4,18789,105,0.56%,0
Yahoo,en-US,Technology_General,09/28/15,Week 4,388115,1392,0.36%,18
Yahoo,en-US,Travel_Hotels/ Resorts ,09/28/15,Week 4,1121778,3671,0.33%,26
Yahoo,en-US,Travel_Information ,09/28/15,Week 4,191461,721,0.38%,3
Yahoo,en-US,Sports_Fantasy Football ,09/28/15,Week 4,219916,1006,0.46%,4
Yahoo,en-US,Health_Fitness  ,09/28/15,Week 4,211071,677,0.32%,4
Yahoo,en-US,Business/ Finance_Business ,09/28/15,Week 4,505,4,0.79%,0
Yahoo,en-US,Video Games_General ,09/28/15,Week 4,426,0,0.00%,0
Yahoo,en-US,Automotive_General,09/29/15,Week 5,68494,455,0.66%,6
Yahoo,en-US,Entertainment_General,09/29/15,Week 5,1431648,3783,0.26%,57
Yahoo,en-US,Entertainment_TV,09/29/15,Week 5,461483,1324,0.29%,11
Yahoo,en-US,Entertainment_Movies,09/29/15,Week 5,975573,2838,0.29%,42
Yahoo,en-US,Sports_Football_General,09/29/15,Week 5,18787,88,0.47%,0
Yahoo,en-US,Technology_General,09/29/15,Week 5,350365,1393,0.40%,24
Yahoo,en-US,Travel_Hotels/ Resorts ,09/29/15,Week 5,1082063,3884,0.36%,23
Yahoo,en-US,Travel_Information ,09/29/15,Week 5,138332,484,0.35%,1
Yahoo,en-US,Sports_Fantasy Football ,09/29/15,Week 5,231137,1024,0.44%,7
Yahoo,en-US,Health_Fitness  ,09/29/15,Week 5,155512,514,0.33%,5
Yahoo,en-US,Business/ Finance_Business ,09/29/15,Week 5,413,9,2.18%,0
Yahoo,en-US,Video Games_General ,09/29/15,Week 5,385,1,0.26%,0
Yahoo,en-US,Automotive_General,09/30/15,Week 5,56185,325,0.58%,1
Yahoo,en-US,Entertainment_General,09/30/15,Week 5,894688,2294,0.26%,23
Yahoo,en-US,Entertainment_TV,09/30/15,Week 5,377998,1009,0.27%,7
Yahoo,en-US,Entertainment_Movies,09/30/15,Week 5,731179,1907,0.26%,31
Yahoo,en-US,Sports_Football_General,09/30/15,Week 5,17040,82,0.48%,0
Yahoo,en-US,Technology_General,09/30/15,Week 5,195567,722,0.37%,10
Yahoo,en-US,Travel_Hotels/ Resorts ,09/30/15,Week 5,740015,2699,0.36%,12
Yahoo,en-US,Travel_Information ,09/30/15,Week 5,100324,344,0.34%,0
Yahoo,en-US,Sports_Fantasy Football ,09/30/15,Week 5,209032,855,0.41%,12
Yahoo,en-US,Health_Fitness  ,09/30/15,Week 5,118895,373,0.31%,3
Yahoo,en-US,Business/ Finance_Business ,09/30/15,Week 5,360,0,0.00%,0
Yahoo,en-US,Video Games_General ,09/30/15,Week 5,332,0,0.00%,0
